2.406-2.595 min,,
#Point,X(Thompsons),Y(Counts)
0,30.0,308.735565185547
1,31.1,2004.43884277344
2,32.0,2840.67309570313
3,33.0,728.130859375
4,34.0,908.556884765625
5,35.0,1461.91137695313
6,36.0,66.5514144897461
7,37.0,101.932708740234
8,37.9,12.2486333847046
9,38.0,3.25393533706665
10,39.0,187.784362792969
11,40.0,352.963989257813
12,41.0,327.759979248047
13,42.0,671.150573730469
14,43.0,2553.2255859375
15,44.0,3609.13696289063
16,45.0,11281.083984375
17,46.0,3937.1513671875
18,47.0,4441.0859375
19,48.0,4335.3779296875
20,49.0,714.361755371094
21,50.0,519.048706054688
22,51.0,201.216369628906
23,51.9,73.2828063964844
24,52.9,44.3863983154297
25,53.0,37.210391998291
26,53.9,13.8529100418091
27,54.0,8.34875011444092
28,55.0,130.397552490234
29,55.0,13.5075645446777
30,56.0,166.857482910156
31,57.0,428.285034179688
32,58.0,671.782409667969
33,59.0,479.644897460938
34,60.0,259.032684326172
35,61.0,6906.6943359375
36,62.0,3084.49169921875
37,63.0,32060.771484375
38,64.0,1108.64953613281
39,65.0,1680.49658203125
40,65.9,80.168327331543
41,67.0,115.402793884277
42,68.0,15.9027557373047
43,68.1,4.37307405471802
44,68.9,2.85231399536133
45,69.0,132.767379760742
46,70.0,605.192077636719
47,70.9,3.81723833084106
48,71.0,41.2543487548828
49,71.1,5.4611759185791
50,71.8,4.59965848922729
51,71.9,14.3818969726563
52,72.0,1.51479935646057
53,73.0,1847.46923828125
54,74.0,205.97346496582
55,75.0,151.177719116211
56,75.9,97.6016159057617
57,76.0,5.11854791641235
58,77.0,440.739929199219
59,78.0,26515.9765625
60,79.0,5792.68212890625
61,80.0,1374.48901367188
62,81.0,423.262908935547
63,81.9,28.0290145874023
64,82.0,70.9178771972656
65,82.1,5.46283054351807
66,82.9,1.64115345478058
67,86.9,1.45325541496277
68,87.0,3.06448411941528
69,88.0,164.736022949219
70,88.9,58.6749000549316
71,89.0,21.8474197387695
72,90.9,13.9131498336792
73,91.0,98.4586410522461
74,91.1,3.12682485580444
75,94.0,2401.6630859375
76,94.9,104.376960754395
77,95.1,3.28493762016296
78,95.9,112.064582824707
79,96.0,118.617309570313
80,96.8,3.00672912597656
81,96.9,35.1908073425293
82,97.1,1.47875642776489
83,97.9,1.55169153213501
84,98.0,9.81462669372559
85,98.1,1.59208714962006
86,102.0,1.432288646698
87,102.9,136.677429199219
88,103.0,10.5969476699829
89,103.9,37.9222564697266
90,104.0,13.9674091339111
91,104.9,21.953275680542
92,104.9,71.433708190918
93,109.0,40.6749572753906
94,109.1,45.9430084228516
95,110.0,4.41138792037964
96,110.9,1.43023347854614
97,111.0,1.500333070755
98,114.8,1.69978439807892
99,114.9,27.4125118255615
100,115.0,24.4081382751465
101,116.9,6.34996891021729
102,117.0,3.22918581962585
103,118.8,5.46564197540283
104,118.9,72.3628921508789
105,119.0,10.4280195236206
106,125.1,3.34945178031921
107,126.0,388.079254150391
108,126.1,27.7840042114258
109,126.8,2.46649956703186
110,126.9,7.37855195999146
111,127.0,34.3826599121094
112,127.1,11.1858196258545
113,132.9,209.539031982422
114,133.8,3.05060768127441
115,134.1,3.03075885772705
116,134.9,19.4276809692383
117,135.0,7.02866268157959
118,141.0,1.51118087768555
119,146.8,2.5429847240448
120,146.9,102.080009460449
121,148.9,51.7749252319336
122,149.0,5.05876922607422
123,153.8,6.69363117218018
124,154.0,27.4542331695557
125,154.8,1.82539319992065
126,154.9,20.5435256958008
127,155.0,30.3644332885742
128,155.1,6.33132171630859
129,162.8,29.5070667266846
130,162.9,85.1433563232422
131,164.7,1.68997478485107
132,164.9,55.5620269775391
133,165.0,21.5156478881836
134,176.9,63.8947334289551
135,177.0,17.9902229309082
136,178.9,46.2381591796875
137,178.9,55.1844177246094
138,179.0,2.04297685623169
139,190.9,115.045425415039
140,191.0,53.1290702819824
141,191.9,39.5963249206543
142,192.0,1.43324363231659
143,192.9,232.24919128418
144,193.8,7.73621273040771
145,193.9,4.61858892440796
146,194.9,1.59330654144287
147,204.8,1.67169523239136
148,204.9,5.33929347991943
149,207.0,586.753173828125
150,207.9,112.890167236328
151,208.1,6.67069482803345
152,208.9,22.4994506835938
153,209.0,57.0359306335449
154,222.9,35.2421951293945
155,236.8,6.29613161087036
156,236.9,21.7369041442871
157,248.9,82.7145614624023
158,249.0,14.1842374801636
159,250.9,47.8427658081055
160,250.9,85.8475036621094
161,251.9,4.35343790054321
162,252.9,11.609974861145
163,253.0,1.49057292938232
164,264.8,3.29275989532471
165,264.9,22.2255554199219
166,265.0,3.48436236381531
167,267.0,848.05322265625
168,267.9,227.36637878418
169,268.9,116.981567382813
170,269.0,25.3501796722412
171,281.0,180.766708374023
172,281.9,3.07031941413879
173,282.0,14.8830833435059
174,322.7,1.58293092250824
175,322.9,5.9398193359375
176,338.9,2.94324970245361
177,339.1,1.52429378032684
178,355.0,599.2236328125
179,355.9,5.79727029800415
180,356.0,210.165084838867
181,356.1,6.24437141418457
182,357.0,97.5108261108398
183,357.0,46.2626152038574
184,357.9,1.63990998268127
2.925-2.946 min,,
#Point,X(Thompsons),Y(Counts)
0,30.1,1506.8720703125
1,31.1,1476.58520507813
2,32.0,2787.89111328125
3,33.0,522.475891113281
4,34.0,547.336791992188
5,35.0,828.739624023438
6,36.0,56.6110649108887
7,37.0,216.244384765625
8,38.0,394.741271972656
9,39.1,5331.5732421875
10,40.0,1625.30322265625
11,41.1,18360.810546875
12,42.1,12233.015625
13,43.1,6113.671875
14,44.0,4000.75073242188
15,45.0,6426.73046875
16,46.0,2175.94555664063
17,47.0,3248.73291015625
18,48.1,6203.76806640625
19,49.0,533.261108398438
20,50.0,591.262817382813
21,51.0,799.194641113281
22,52.0,505.993499755859
23,53.1,2558.32373046875
24,54.1,1881.12768554688
25,55.1,21238.94921875
26,56.1,16520.5859375
27,57.1,3693.04956054688
28,58.1,6211.6181640625
29,59.0,992.565795898438
30,60.0,643.077514648438
31,61.0,4352.39208984375
32,62.0,2152.10009765625
33,63.0,19591.986328125
34,64.0,770.151489257813
35,65.0,1989.78576660156
36,66.0,467.161224365234
37,67.1,5688.3212890625
38,68.1,3768.80224609375
39,69.1,26112.716796875
40,70.1,5295.6162109375
41,71.1,1339.25610351563
42,72.1,1861.8037109375
43,73.1,2608.51611328125
44,74.1,1362.29467773438
45,75.0,179.139770507813
46,76.0,98.5939331054688
47,77.0,1208.98046875
48,78.0,16775.544921875
49,79.0,6325.5615234375
50,80.0,1869.46911621094
51,81.1,6010.1962890625
52,82.1,9533.00390625
53,83.1,9762.2099609375
54,84.1,4168.0185546875
55,85.1,4469.0986328125
56,86.0,48.7887420654297
57,86.1,961.965942382813
58,87.1,6240.5390625
59,88.1,25176.77734375
60,89.1,1322.42663574219
61,89.9,26.5275974273682
62,90.1,79.2232894897461
63,91.0,1152.98449707031
64,92.0,268.128967285156
65,93.1,1376.63940429688
66,94.0,3207.15576171875
67,95.1,2190.14794921875
68,96.1,4704.0966796875
69,97.1,8216.2607421875
70,98.1,2563.97314453125
71,99.1,435.421569824219
72,100.1,9557.1416015625
73,101.1,644.82958984375
74,101.9,19.8286266326904
75,102.0,135.199066162109
76,102.9,160.916870117188
77,104.0,84.3953475952148
78,105.0,426.998443603516
79,106.0,231.621017456055
80,107.1,1311.5546875
81,108.0,60.3776054382324
82,108.1,970.596313476563
83,109.1,27584.443359375
84,110.1,9185.8486328125
85,111.1,1143.45812988281
86,112.0,886.168823242188
87,113.0,270.291015625
88,114.1,1012.04284667969
89,115.0,136.184814453125
90,116.1,35.1135749816895
91,117.9,11.9767417907715
92,118.9,75.0367050170898
93,119.0,16.3103904724121
94,120.0,44.5115051269531
95,121.0,75.949462890625
96,122.0,30.835994720459
97,122.1,460.868103027344
98,123.1,1977.55139160156
99,124.1,6288.2685546875
100,125.1,7619.57177734375
101,126.1,3055.95556640625
102,127.1,345.327087402344
103,128.0,36.2439231872559
104,128.1,774.330871582031
105,129.0,41.9965858459473
106,132.9,185.430618286133
107,133.9,10.8060989379883
108,136.1,25.4203453063965
109,138.1,149.695846557617
110,139.0,114.019088745117
111,140.1,302.836456298828
112,140.9,11.2511262893677
113,141.0,98.9818954467773
114,142.1,246.892379760742
115,146.9,67.1728134155273
116,147.0,19.1484642028809
117,148.9,20.466381072998
118,154.0,203.358978271484
119,155.1,26.8633937835693
120,155.2,91.1521987915039
121,156.1,119226.234375
122,157.1,12485.6982421875
123,158.1,846.547729492188
124,159.1,33.8909378051758
125,162.8,46.050537109375
126,163.0,36.5120391845703
127,164.9,22.024242401123
128,170.1,35.0275955200195
129,171.1,7193.92822265625
130,172.1,817.927856445313
131,173.1,33.4313011169434
132,176.9,53.8389472961426
133,179.0,63.9328842163086
134,191.0,160.907318115234
135,192.9,161.64616394043
136,207.0,681.488525390625
137,207.9,141.775787353516
138,208.9,56.7343521118164
139,209.0,25.5785751342773
140,236.9,21.7005367279053
141,249.0,76.2961578369141
142,250.9,84.7022552490234
143,252.8,11.9710273742676
144,253.0,24.5098743438721
145,264.8,21.7306346893311
146,267.0,548.912475585938
147,267.9,66.3645858764648
148,268.0,69.0607147216797
149,268.9,106.283813476563
150,281.0,208.283203125
151,282.0,72.6906280517578
152,282.9,10.1691398620605
153,341.0,51.1427040100098
154,355.0,296.984680175781
155,355.9,110.411026000977
156,356.9,31.6989631652832
157,357.0,24.1518497467041
3.378-3.611 min,,
#Point,X(Thompsons),Y(Counts)
0,30.0,77.594367980957
1,31.0,771.437561035156
2,32.0,2501.48071289063
3,33.0,274.578186035156
4,34.0,312.212280273438
5,35.0,465.915222167969
6,35.9,23.5857257843018
7,36.0,62.8125152587891
8,37.0,159.806991577148
9,38.0,172.511428833008
10,39.0,796.836730957031
11,40.0,518.091979980469
12,41.0,877.017822265625
13,42.0,575.493774414063
14,43.0,1643.24011230469
15,44.0,3908.63256835938
16,45.0,4656.7607421875
17,46.0,1518.01965332031
18,47.0,1838.62683105469
19,48.0,1639.66516113281
20,49.0,314.311584472656
21,50.0,418.119323730469
22,51.0,342.160552978516
23,52.0,137.072860717773
24,52.1,10.6699514389038
25,53.0,328.058715820313
26,54.0,175.444442749023
27,55.0,513.322326660156
28,56.0,264.952514648438
29,57.0,303.603149414063
30,58.0,374.274383544922
31,59.0,184.542938232422
32,59.9,87.4982833862305
33,60.0,37.8480796813965
34,61.0,1682.17028808594
35,62.0,898.025146484375
36,63.0,6888.603515625
37,64.0,300.666717529297
38,65.0,494.499633789063
39,66.0,122.474761962891
40,67.0,478.142211914063
41,68.0,100.648490905762
42,68.0,30.2844219207764
43,69.0,284.540100097656
44,70.0,414.989624023438
45,70.9,2.35861229896545
46,71.0,32.3030624389648
47,71.1,6.77454042434692
48,71.9,50.4084701538086
49,72.0,18.4792556762695
50,73.0,245.913375854492
51,73.9,13.1252012252808
52,74.0,118.980834960938
53,75.0,92.5890197753906
54,75.9,45.9670677185059
55,76.0,9.07550811767578
56,77.0,355.313262939453
57,78.0,4500.7880859375
58,79.0,802.179443359375
59,80.0,308.512725830078
60,81.0,394.77099609375
61,82.0,113.474189758301
62,82.1,6.33999586105347
63,83.0,87.0052871704102
64,83.1,8.18366432189941
65,84.0,14.4458427429199
66,84.1,11.2604446411133
67,85.9,2.46997714042664
68,87.8,1.9829066991806
69,87.9,97.7035903930664
70,88.9,27.7050838470459
71,88.9,40.5811157226563
72,91.0,173.592514038086
73,91.1,2.3435845375061
74,91.9,12.8610286712646
75,92.0,11.4651679992676
76,92.9,8.64010620117188
77,93.0,82.1471252441406
78,94.0,213.912460327148
79,95.0,154.609191894531
80,95.0,140.014007568359
81,96.0,136.162445068359
82,96.1,41.1762428283691
83,96.9,4.2290096282959
84,97.0,14.4014196395874
85,97.9,8.38749599456787
86,98.1,12.4570627212524
87,102.8,4.51488924026489
88,102.9,103.149559020996
89,103.0,6.02223634719849
90,103.8,1.17728745937347
91,103.9,1.47897386550903
92,104.9,7.56546592712402
93,105.0,59.9934844970703
94,105.1,2.90306234359741
95,105.9,15.9407415390015
96,106.0,16.6510486602783
97,108.9,3.18443608283997
98,109.0,236.699462890625
99,109.9,4.54596900939941
100,110.0,88.1124877929688
101,114.9,14.1641845703125
102,115.0,5.14717435836792
103,118.9,17.0855865478516
104,119.0,26.6889114379883
105,123.9,4.95957469940186
106,124.0,147.426040649414
107,125.0,1.28845548629761
108,126.0,32.4454917907715
109,126.1,234.184310913086
110,127.0,2.73660516738892
111,132.9,117.370002746582
112,133.0,17.8731536865234
113,142.1,259.989044189453
114,143.1,2.47962999343872
115,146.8,1.95824825763702
116,146.9,64.0207824707031
117,154.9,2.35808944702148
118,155.0,1.54718196392059
119,156.0,5.23278999328613
120,156.1,7.36381959915161
121,157.0,1.26531410217285
122,162.7,1.31525909900665
123,162.9,27.5253295898438
124,163.0,4.06995725631714
125,176.8,9.84177875518799
126,176.9,35.7047004699707
127,190.9,119.59831237793
128,192.9,114.604293823242
129,193.0,2.72044014930725
130,207.0,510.027038574219
131,208.0,106.065475463867
132,208.9,42.0905303955078
133,209.0,27.0263500213623
134,252.9,15.2989931106567
135,253.0,9.96027755737305
136,266.9,11.7916479110718
137,267.0,1.44570207595825
138,281.0,97.1376647949219
139,281.1,22.9533958435059
140,281.9,1.26047432422638
3.859-4.075 min,,
#Point,X(Thompsons),Y(Counts)
0,30.0,97.3905792236328
1,31.0,788.014831542969
2,32.0,2286.111328125
3,32.9,19.5132255554199
4,33.0,155.692047119141
5,34.0,208.164413452148
6,35.0,287.121734619141
7,36.0,119.874069213867
8,37.0,362.941589355469
9,38.0,526.153625488281
10,39.1,3530.17065429688
11,40.0,901.438903808594
12,41.1,4333.74609375
13,42.0,1198.73449707031
14,43.0,2633.03515625
15,44.0,4704.46923828125
16,45.0,2746.90551757813
17,46.0,809.267333984375
18,47.0,1146.84289550781
19,48.0,932.840881347656
20,49.0,335.586273193359
21,50.0,937.203979492188
22,51.0,1212.22900390625
23,52.0,503.108184814453
24,53.0,1805.60498046875
25,54.1,1806.22143554688
26,55.1,4108.634765625
27,56.0,679.583618164063
28,57.0,3592.779296875
29,58.0,463.781311035156
30,58.9,20.1722221374512
31,59.0,207.067565917969
32,59.9,177.152252197266
33,61.0,1410.27197265625
34,62.0,891.817932128906
35,63.0,5146.380859375
36,64.0,331.941284179688
37,65.0,1331.83178710938
38,66.0,864.281799316406
39,67.1,4370.65185546875
40,68.0,1319.84130859375
41,69.0,1155.63818359375
42,70.0,962.3095703125
43,71.0,440.55615234375
44,71.9,144.972412109375
45,73.0,494.068511962891
46,74.0,219.841506958008
47,74.9,107.610633850098
48,75.0,84.7446212768555
49,76.0,111.181602478027
50,77.0,1362.47033691406
51,78.0,3960.076171875
52,79.0,2242.32153320313
53,80.0,1520.07934570313
54,81.1,4364.48486328125
55,82.0,883.5107421875
56,83.0,879.790405273438
57,84.0,207.477996826172
58,84.1,4.54486846923828
59,85.0,152.438125610352
60,85.9,22.3191204071045
61,86.0,57.3282203674316
62,86.9,63.8758811950684
63,87.8,7.75539779663086
64,87.9,140.627960205078
65,88.0,3.48836612701416
66,88.9,164.519989013672
67,89.9,14.8925695419312
68,91.0,1137.66418457031
69,92.0,249.983657836914
70,93.0,25.5060596466064
71,93.0,690.855224609375
72,94.0,146.499816894531
73,94.0,130.866455078125
74,95.1,2912.75219726563
75,96.0,1155.22412109375
76,96.9,7.8832368850708
77,97.0,303.521728515625
78,98.0,343.722076416016
79,98.1,15.5554361343384
80,99.0,109.680816650391
81,100.0,3.97483563423157
82,101.0,19.4967651367188
83,101.0,3.26930356025696
84,101.9,31.2796669006348
85,102.0,9.91940689086914
86,102.8,4.75857830047607
87,102.9,245.777633666992
88,103.9,30.5805435180664
89,104.0,50.6632881164551
90,105.0,204.328765869141
91,106.0,273.240447998047
92,106.9,42.1439361572266
93,107.0,59.5695266723633
94,107.9,1.44262182712555
95,108.0,4.58500003814697
96,109.0,934.335205078125
97,109.9,4.11016988754272
98,110.0,255.806518554688
99,110.9,10.7362155914307
100,111.0,42.5075798034668
101,111.1,12.0383491516113
102,111.9,4.0575098991394
103,113.0,8.55388069152832
104,114.8,9.17351341247559
105,115.0,71.8247222900391
106,116.9,4.46954584121704
107,116.9,16.5404281616211
108,118.9,90.7108459472656
109,119.0,35.8571968078613
110,119.9,1.23240208625793
111,121.0,1.45989012718201
112,121.9,6.41997623443604
113,123.0,160.245986938477
114,124.1,1312.92163085938
115,124.9,5.85636806488037
116,125.0,136.803359985352
117,125.9,5.2713360786438
118,126.0,163.022430419922
119,126.1,7.3691258430481
120,127.0,1.26998472213745
121,128.9,8.95292186737061
122,129.1,1.53772413730621
123,132.9,246.218505859375
124,133.1,4.61446666717529
125,133.9,9.05172252655029
126,134.0,16.1101245880127
127,134.8,11.8227386474609
128,134.9,44.146858215332
129,135.0,3.37711215019226
130,136.9,9.65237426757813
131,141.9,1.4099292755127
132,142.0,8.09053134918213
133,142.1,41.0741157531738
134,146.9,172.209930419922
135,147.8,2.84890031814575
136,147.9,9.66490173339844
137,148.8,36.9102363586426
138,148.9,46.3335418701172
139,152.9,4.419264793396
140,153.0,5.95645189285278
141,153.9,21.4733333587646
142,154.1,9.84269046783447
143,154.9,8.73739910125732
144,155.0,48.3919944763184
145,155.9,15.0958805084229
146,156.0,20.9788150787354
147,158.0,1.50795638561249
148,160.8,1.41269624233246
149,162.9,71.4277801513672
150,162.9,53.8000602722168
151,163.8,1.27225291728973
152,163.9,1.52658772468567
153,164.9,48.2435913085938
154,165.0,55.9778251647949
155,176.9,108.06330871582
156,177.9,4.00180435180664
157,178.9,62.3420219421387
158,179.0,8.88345623016357
159,180.9,11.1979179382324
160,190.9,165.343887329102
161,191.9,7.69801425933838
162,192.1,1.30194175243378
163,192.9,188.606842041016
164,193.8,1.56534934043884
165,194.0,4.14225912094116
166,194.8,2.13583636283875
167,194.9,60.9070243835449
168,195.0,8.41094398498535
169,207.0,682.949829101563
170,208.0,142.713027954102
171,208.9,5.67259502410889
172,209.0,110.584533691406
173,222.9,11.1441860198975
174,222.9,4.01865911483765
175,248.9,6.96862363815308
176,250.7,1.35031044483185
177,250.9,13.5385160446167
178,253.0,368.870300292969
179,253.9,85.9523239135742
180,254.8,1.36742424964905
181,254.9,27.1138706207275
182,255.0,10.3476209640503
183,266.9,26.6158885955811
184,266.9,61.7933502197266
185,267.1,2.30573511123657
186,267.8,3.03824520111084
187,268.0,5.54333400726318
188,269.0,7.54597425460815
189,269.0,2.5309317111969
190,280.9,16.3607444763184
191,281.0,130.540664672852
192,282.0,14.4179601669312
193,283.1,1.24777030944824
194,326.8,7.22969388961792
195,327.0,16.943359375
196,327.1,1.53109300136566
197,330.8,1.88518059253693
198,330.9,16.636869430542
199,331.0,30.0311431884766
200,340.9,12.9976282119751
201,341.0,1.41319632530212
202,345.8,1.28293967247009
203,346.0,6.28656959533691
204,346.2,1.68957710266113
4.075-4.118 min,,
#Point,X(Thompsons),Y(Counts)
0,30.1,197.537902832031
1,31.1,1515.59802246094
2,32.0,2194.63916015625
3,32.9,224.627532958984
4,33.9,25.6060466766357
5,34.0,216.083236694336
6,35.0,372.478454589844
7,35.9,6.21048831939697
8,36.0,86.147575378418
9,37.0,357.421752929688
10,38.0,594.918212890625
11,39.1,4707.32861328125
12,40.0,1179.30517578125
13,41.1,7199.548828125
14,42.1,2116.447265625
15,43.1,4238.3984375
16,44.0,5285.6787109375
17,44.1,717.999633789063
18,45.0,3471.85766601563
19,46.0,1008.95910644531
20,47.0,1171.21630859375
21,47.1,132.192810058594
22,48.0,992.641296386719
23,49.0,323.160797119141
24,50.0,1039.77612304688
25,51.0,1424.23046875
26,52.0,483.916839599609
27,52.1,61.0769386291504
28,53.0,2450.9638671875
29,54.0,2865.15112304688
30,55.1,7931.5771484375
31,56.1,1960.85412597656
32,57.1,6919.78466796875
33,58.0,790.322387695313
34,59.0,280.873901367188
35,60.0,191.242736816406
36,61.0,1764.44592285156
37,62.0,1107.71618652344
38,63.0,6861.9521484375
39,64.0,416.200958251953
40,65.0,1696.99841308594
41,66.0,1114.29382324219
42,67.1,7002.66748046875
43,68.1,3407.59204101563
44,69.1,3579.58642578125
45,70.1,1735.44665527344
46,71.0,975.196594238281
47,71.9,57.3408050537109
48,72.0,182.402908325195
49,73.0,709.401794433594
50,74.0,250.064758300781
51,74.9,134.255310058594
52,75.0,79.9913864135742
53,75.9,111.123634338379
54,76.1,10.2262744903564
55,77.0,1744.52075195313
56,78.0,5517.24658203125
57,79.1,3140.29467773438
58,80.0,2186.7626953125
59,80.1,342.380035400391
60,81.1,7792.7958984375
61,82.1,1659.00231933594
62,83.0,1910.677734375
63,84.1,914.0126953125
64,85.0,185.16780090332
65,85.0,143.521911621094
66,86.0,138.249801635742
67,87.0,295.82373046875
68,88.0,179.379852294922
69,88.9,194.21418762207
70,89.9,19.2008361816406
71,90.0,13.7029418945313
72,91.0,1539.63098144531
73,92.0,350.280090332031
74,93.0,1126.47509765625
75,94.0,447.015045166016
76,95.1,4415.27685546875
77,96.0,1446.22644042969
78,96.1,300.392028808594
79,97.0,528.033508300781
80,97.1,154.47770690918
81,98.0,735.107482910156
82,99.0,117.445083618164
83,99.1,82.7075958251953
84,100.0,38.5047225952148
85,100.1,62.6238250732422
86,101.0,56.2890625
87,102.0,122.230712890625
88,102.8,52.6810150146484
89,103.0,190.943771362305
90,103.8,38.9626159667969
91,104.0,47.077018737793
92,104.9,61.3285446166992
93,105.0,162.132049560547
94,106.0,408.986511230469
95,107.0,135.44352722168
96,108.0,37.9978370666504
97,109.1,1295.37756347656
98,110.0,243.09521484375
99,110.8,14.694730758667
100,111.0,90.7899551391602
101,111.9,11.9659118652344
102,112.0,35.5038299560547
103,113.0,37.8899917602539
104,114.9,8.50466537475586
105,115.0,89.5095977783203
106,116.9,22.5319480895996
107,116.9,29.3854331970215
108,119.0,139.029357910156
109,119.1,17.3112735748291
110,120.9,28.0296287536621
111,122.0,43.2037124633789
112,123.0,275.199157714844
113,124.1,1928.02819824219
114,125.0,226.38459777832
115,126.0,126.810707092285
116,126.1,81.1676330566406
117,126.9,17.0127964019775
118,127.1,12.5314102172852
119,127.9,7.60760593414307
120,131.0,7.50257301330566
121,132.9,366.301666259766
122,133.9,57.111213684082
123,134.0,7.34845304489136
124,135.0,86.164680480957
125,136.9,46.7433547973633
126,140.9,19.4184341430664
127,141.9,12.1870269775391
128,142.0,44.4325561523438
129,146.9,209.783248901367
130,147.8,45.6346740722656
131,148.9,101.80110168457
132,150.9,12.7713937759399
133,153.0,30.8573265075684
134,154.0,13.1699028015137
135,154.1,24.3928756713867
136,154.9,23.8645210266113
137,155.0,53.5741157531738
138,155.9,33.0939140319824
139,156.0,61.3647727966309
140,160.9,22.5911865234375
141,162.9,166.079956054688
142,163.8,12.262017250061
143,163.9,15.4479560852051
144,164.9,105.29712677002
145,165.0,15.586332321167
146,166.9,6.69959783554077
147,176.9,40.0091819763184
148,176.9,93.0551071166992
149,178.9,110.468048095703
150,180.9,19.512825012207
151,181.0,6.19569969177246
152,190.9,238.16926574707
153,191.9,36.9367713928223
154,192.9,241.051544189453
155,193.9,6.50053310394287
156,194.1,5.9860577583313
157,194.9,79.6296463012695
158,207.0,852.157775878906
159,208.0,163.348587036133
160,208.1,8.51776599884033
161,208.9,124.735191345215
162,209.1,13.0567054748535
163,222.9,16.4206199645996
164,237.0,5.96205806732178
165,248.8,6.79647636413574
166,249.0,16.236234664917
167,250.9,31.7404174804688
168,252.9,118.817123413086
169,253.0,229.017684936523
170,254.0,88.6372680664063
171,254.8,8.47636127471924
172,255.0,29.1032371520996
173,266.8,34.112476348877
174,267.0,78.700065612793
175,267.8,8.90157032012939
176,267.9,14.3607482910156
177,268.8,11.4733333587646
178,269.1,15.6860246658325
179,281.0,180.936737060547
180,282.0,29.8607864379883
181,282.8,12.9856739044189
182,324.9,26.7853775024414
183,327.0,56.5987129211426
184,330.9,17.0777626037598
185,331.1,22.4404315948486
186,340.8,18.0245590209961
187,341.0,70.296516418457
188,341.1,7.48715400695801
189,342.0,21.3178939819336
190,343.0,13.731972694397
4.118-4.399 min,,
#Point,X(Thompsons),Y(Counts)
0,30.1,234.832412719727
1,31.1,4287.125
2,32.0,2271.37866210938
3,32.8,14.8964958190918
4,32.9,66.4250793457031
5,33.0,73.5236892700195
6,33.5,1.6926007270813
7,33.8,12.1868324279785
8,33.9,133.549850463867
9,34.0,36.9263076782227
10,35.0,204.97541809082
11,35.9,15.3656883239746
12,36.0,46.0742874145508
13,36.0,16.8326225280762
14,37.0,303.058288574219
15,37.1,4.81855535507202
16,38.0,349.651275634766
17,38.1,172.564865112305
18,39.1,5020.4052734375
19,39.9,41.8897552490234
20,40.0,1176.95446777344
21,41.1,12271.7626953125
22,42.1,4152.724609375
23,43.1,6145.37451171875
24,44.0,6964.5302734375
25,45.0,2784.23559570313
26,46.0,558.833312988281
27,46.9,49.1640434265137
28,47.0,753.580627441406
29,48.0,605.360656738281
30,49.0,176.16015625
31,49.0,20.7572154998779
32,50.0,671.8154296875
33,51.0,935.736999511719
34,52.0,31.9610805511475
35,52.0,372.750762939453
36,53.0,2043.25219726563
37,54.1,5989.974609375
38,55.1,18693.8671875
39,56.1,3666.47875976563
40,57.1,8468.009765625
41,58.0,1144.31872558594
42,59.0,282.545806884766
43,59.1,87.2963562011719
44,59.8,1.57367956638336
45,59.9,112.570678710938
46,60.0,5.30231761932373
47,61.0,918.737243652344
48,62.0,652.257751464844
49,63.0,2169.03173828125
50,63.0,1173.74475097656
51,63.9,212.650146484375
52,64.0,19.7154178619385
53,65.0,1023.5380859375
54,66.0,761.234436035156
55,67.1,12116.6298828125
56,68.1,3301.87524414063
57,69.1,4478.11328125
58,70.1,4642.2666015625
59,71.0,1980.45666503906
60,72.0,378.797271728516
61,72.1,160.004440307617
62,73.0,792.019897460938
63,73.9,4.39441299438477
64,74.0,214.741027832031
65,74.9,95.9224243164063
66,75.0,104.875381469727
67,75.9,87.7344131469727
68,76.0,11.1085042953491
69,77.0,945.979858398438
70,77.1,118.962173461914
71,78.0,2872.56225585938
72,79.0,2904.01806640625
73,80.1,2274.57299804688
74,81.1,4518.28515625
75,82.1,4722.35888671875
76,83.0,1486.16467285156
77,83.1,9578.9873046875
78,84.1,3059.9814453125
79,85.0,788.122924804688
80,85.1,25.1085395812988
81,85.9,5.54934930801392
82,86.0,238.028915405273
83,86.1,12.7188987731934
84,86.9,22.9822254180908
85,87.0,92.5595321655273
86,87.1,20.5890693664551
87,87.7,3.03209924697876
88,87.9,36.1364555358887
89,88.0,134.539794921875
90,88.8,16.1714286804199
91,88.9,108.561363220215
92,89.0,49.1215744018555
93,89.8,2.49840450286865
94,89.9,13.8189373016357
95,90.1,9.92648029327393
96,91.0,447.007873535156
97,91.1,389.667785644531
98,91.9,13.6950702667236
99,92.0,118.33837890625
100,92.1,29.0297889709473
101,93.1,1814.6396484375
102,93.9,30.5579357147217
103,94.0,288.077972412109
104,95.1,1284.11877441406
105,96.1,1451.79260253906
106,97.1,2319.890625
107,98.1,2633.00317382813
108,99.0,345.437561035156
109,99.9,15.6261138916016
110,100.0,163.409332275391
111,100.1,24.7400970458984
112,101.1,1961.150390625
113,101.9,6.60937309265137
114,102.0,221.311370849609
115,102.9,273.618835449219
116,103.1,11.2589111328125
117,103.8,11.0456800460815
118,103.9,65.2399520874023
119,104.0,18.372709274292
120,104.1,3.62176513671875
121,104.8,1.74662661552429
122,104.9,9.68368053436279
123,105.0,187.868576049805
124,105.9,19.5434799194336
125,106.0,72.896842956543
126,106.8,1.01395058631897
127,106.9,21.5059032440186
128,107.0,115.175231933594
129,107.1,6.68464756011963
130,108.0,232.580322265625
131,109.0,48.6432609558105
132,109.0,270.442047119141
133,109.9,9.59025192260742
134,110.0,81.5044479370117
135,110.1,6.2142162322998
136,110.8,4.05522012710571
137,111.0,86.0603256225586
138,111.0,234.046600341797
139,111.9,8.41519165039063
140,112.0,25.7448539733887
141,112.0,11.2292022705078
142,112.2,1.58554196357727
143,112.8,4.83401298522949
144,112.9,24.8622398376465
145,113.0,40.0132293701172
146,113.9,6.95282220840454
147,114.0,151.151336669922
148,114.2,13.4168500900269
149,114.9,7.66572952270508
150,115.0,196.063293457031
151,116.0,316.626739501953
152,117.0,57.122486114502
153,117.1,9.63152694702148
154,117.9,6.48453283309937
155,118.1,2.37230825424194
156,118.9,22.6682910919189
157,119.0,135.533264160156
158,119.9,12.6481981277466
159,120.0,11.0764780044556
160,120.8,1.22917318344116
161,120.9,25.9229602813721
162,122.0,11.8997650146484
163,123.0,54.2611618041992
164,123.1,4.40446710586548
165,123.9,8.11895561218262
166,124.0,301.783264160156
167,124.1,4.38425493240356
168,125.0,42.9820175170898
169,125.1,65.9346389770508
170,126.0,120.696701049805
171,126.1,121.175773620605
172,126.9,22.7520713806152
173,127.0,29.0148029327393
174,127.1,8.33535099029541
175,127.9,5.52370023727417
176,129.0,3.44114136695862
177,131.0,5.97368097305298
178,131.8,2.2138876914978
179,132.0,4.25333499908447
180,132.9,55.7463912963867
181,133.0,289.450897216797
182,133.8,13.9553451538086
183,133.9,33.5650749206543
184,134.0,8.15980625152588
185,134.9,60.3847885131836
186,135.0,49.6037101745605
187,136.9,37.0122680664063
188,137.0,4.89819574356079
189,140.9,6.55795955657959
190,141.1,3.6038236618042
191,142.0,36.4020309448242
192,142.1,18.8967819213867
193,142.9,2.23468708992004
194,143.1,2.2857084274292
195,145.0,2.09934020042419
196,146.8,14.2670011520386
197,146.9,236.494567871094
198,147.9,31.5157470703125
199,148.0,20.2367191314697
200,148.8,24.2139759063721
201,148.9,70.4484100341797
202,149.0,12.0634784698486
203,149.7,2.45653557777405
204,149.8,6.08497858047485
205,150.0,2.12343835830688
206,150.9,8.72652721405029
207,151.0,8.50224018096924
208,152.0,8.70652484893799
209,152.9,29.4720344543457
210,153.1,6.75351476669312
211,153.8,0.963824152946472
212,154.0,19.56884765625
213,154.1,28.2729606628418
214,154.9,58.0772399902344
215,155.0,70.9377593994141
216,155.9,24.6152572631836
217,156.0,103.156700134277
218,156.1,19.2083950042725
219,156.7,16.3192710876465
220,157.0,6.91380500793457
221,157.1,4.89192962646484
222,157.9,11.2671766281128
223,158.0,4.72436428070068
224,160.8,4.16056871414185
225,160.9,7.84111452102661
226,161.0,2.04557538032532
227,162.0,3.33686995506287
228,162.8,11.1309814453125
229,162.9,145.344299316406
230,163.0,17.9052772521973
231,163.7,1.75954449176788
232,163.8,12.333104133606
233,163.9,21.0377330780029
234,164.8,1.31556570529938
235,164.9,96.7016677856445
236,165.0,24.2471256256104
237,165.6,1.48500072956085
238,165.8,8.08086967468262
239,165.9,2.16813635826111
240,167.0,1.99515235424042
241,175.9,1.01193010807037
242,176.8,10.5531063079834
243,176.9,89.0197448730469
244,177.0,28.7807426452637
245,177.9,15.050684928894
246,178.0,8.13247489929199
247,178.9,41.1749229431152
248,178.9,54.4380416870117
249,180.8,5.25258731842041
250,180.9,30.998966217041
251,190.9,33.4573364257813
252,190.9,133.355255126953
253,191.0,28.1007881164551
254,191.8,1.5018402338028
255,191.9,32.2187614440918
256,192.0,9.02442359924316
257,192.9,39.6671676635742
258,192.9,217.775466918945
259,193.9,36.5321350097656
260,194.1,3.11964225769043
261,194.9,29.9825897216797
262,195.0,53.0683631896973
263,195.1,1.1467969417572
264,197.0,1.06015801429749
265,198.1,18.1304225921631
266,199.1,1.0558739900589
267,202.9,1.12341976165771
268,204.8,2.61042237281799
269,204.9,15.0491437911987
270,205.1,1.16377651691437
271,207.0,624.971496582031
272,207.1,254.037368774414
273,207.9,21.7073612213135
274,208.0,153.44303894043
275,208.1,4.50542306900024
276,208.9,113.824829101563
277,209.0,43.8243942260742
278,209.9,3.36421895027161
279,211.0,3.82535290718079
280,222.7,8.72254276275635
281,222.9,21.0116748809814
282,223.0,17.4489135742188
283,224.9,2.44312906265259
284,236.8,0.969085693359375
285,236.9,13.7020463943481
286,238.9,4.89626693725586
287,238.9,10.8789081573486
288,239.1,1.39842545986176
289,248.8,17.2536945343018
290,249.0,51.1193771362305
291,249.9,1.04947578907013
292,250.8,22.4791488647461
293,250.9,46.3893966674805
294,252.8,25.9892654418945
295,252.9,212.37092590332
296,253.0,243.422760009766
297,253.9,23.2925910949707
298,253.9,66.8238830566406
299,254.1,21.6135940551758
300,254.9,37.3182983398438
301,255.0,23.6578235626221
302,264.9,9.20601081848145
303,265.0,13.7374811172485
304,266.8,5.70260715484619
305,266.9,69.0319900512695
306,267.0,58.3520889282227
307,267.8,3.77884030342102
308,267.9,29.4602718353271
309,268.0,10.2859678268433
310,268.9,4.54175281524658
311,269.0,39.5614318847656
312,269.1,1.16027128696442
313,280.8,3.37362623214722
314,281.0,116.096710205078
315,281.0,78.5900344848633
316,281.9,12.1046686172485
317,282.0,24.7349491119385
318,282.9,14.2986011505127
319,283.0,10.9358177185059
320,310.9,1.03514504432678
321,311.0,5.48886203765869
322,315.0,4.25643539428711
323,315.1,1.04536485671997
324,324.8,37.012020111084
325,324.9,37.6044120788574
326,325.8,7.42196035385132
327,326.0,9.10869693756104
328,326.9,91.3282089233398
329,327.0,66.6083602905273
330,327.8,1.41315650939941
331,327.9,10.8652849197388
332,328.0,21.0486850738525
333,328.9,14.400691986084
334,329.0,1.02784097194672
335,330.8,4.14075756072998
336,331.0,36.3847923278809
337,331.0,30.789514541626
338,331.9,3.2980432510376
339,332.0,3.35067462921143
340,340.9,39.9013519287109
341,341.0,139.068206787109
342,341.9,50.3259544372559
343,342.0,5.05430793762207
344,342.9,46.3537101745605
345,343.1,4.13589286804199
346,345.9,11.2495288848877
347,346.1,19.4910297393799
348,355.0,2.61164975166321
349,405.0,38.2036437988281
350,428.8,1.80673611164093
351,429.0,12.9985370635986
352,429.0,15.6771020889282
353,430.1,1.12555778026581
4.513-4.605 min,,
#Point,X(Thompsons),Y(Counts)
0,30.0,92.4446105957031
1,31.0,1652.88037109375
2,32.0,1554.43798828125
3,32.9,44.6218566894531
4,33.0,37.1230316162109
5,33.9,6.70156860351563
6,34.0,102.405975341797
7,35.0,123.883628845215
8,36.0,7.0282039642334
9,36.9,33.2155685424805
10,37.0,83.0692291259766
11,38.0,208.247619628906
12,39.1,2152.5087890625
13,40.0,679.853759765625
14,41.1,5269.05419921875
15,42.1,1709.45104980469
16,43.1,2550.19604492188
17,44.0,3816.99438476563
18,45.0,1488.95275878906
19,46.0,321.017425537109
20,47.0,476.450531005859
21,48.0,315.108825683594
22,49.0,80.1921234130859
23,50.0,175.476577758789
24,50.0,35.8355407714844
25,51.0,256.167724609375
26,52.0,116.004898071289
27,52.1,6.18721580505371
28,53.0,500.157867431641
29,54.1,1488.91906738281
30,55.1,4489.53662109375
31,56.0,914.16015625
32,57.0,2002.12451171875
33,58.0,298.631530761719
34,58.9,21.2034034729004
35,59.0,112.709175109863
36,59.9,12.6253547668457
37,61.0,390.382354736328
38,62.0,272.182342529297
39,63.0,1478.05480957031
40,63.9,108.787605285645
41,65.0,304.167297363281
42,66.0,187.396697998047
43,66.1,24.825740814209
44,67.1,2976.73266601563
45,68.0,884.939697265625
46,69.1,1212.31604003906
47,70.1,1352.52099609375
48,71.0,595.228210449219
49,72.0,211.502883911133
50,73.0,370.249420166016
51,74.0,121.417617797852
52,75.0,138.923156738281
53,75.1,7.21156072616577
54,76.0,44.1080665588379
55,76.0,17.3065891265869
56,77.0,475.297790527344
57,78.0,1529.23876953125
58,79.0,969.274719238281
59,80.0,654.795349121094
60,81.1,1272.66357421875
61,82.1,1356.96618652344
62,83.1,3055.287109375
63,84.0,817.520446777344
64,85.0,228.034423828125
65,86.0,53.6701622009277
66,86.1,20.0132350921631
67,86.9,15.9911870956421
68,87.0,31.1855087280273
69,87.9,125.140365600586
70,88.8,4.5815601348877
71,88.9,79.6782455444336
72,89.0,34.6959075927734
73,91.0,342.4951171875
74,92.0,45.4242897033691
75,92.1,11.6591539382935
76,93.0,464.844848632813
77,93.9,55.1967926025391
78,94.0,59.6249122619629
79,95.0,317.282592773438
80,96.0,440.547760009766
81,97.0,599.759399414063
82,98.0,658.446044921875
83,99.0,81.9909744262695
84,99.9,14.5511999130249
85,100.0,20.3866863250732
86,101.1,514.248168945313
87,102.0,53.0431747436523
88,102.1,16.3799648284912
89,102.9,29.9730358123779
90,102.9,162.547286987305
91,103.9,46.2316360473633
92,104.0,20.8292217254639
93,104.9,118.136436462402
94,106.8,6.8471245765686
95,107.0,31.8904933929443
96,108.0,53.3247566223145
97,109.0,90.1387939453125
98,110.0,2.87329936027527
99,111.0,28.3319854736328
100,111.0,74.9067077636719
101,114.0,7.71039152145386
102,114.9,48.7448196411133
103,115.0,36.1743850708008
104,116.0,23.683198928833
105,116.1,67.8495407104492
106,119.0,95.358268737793
107,123.9,11.3703413009644
108,124.0,39.6689186096191
109,126.0,29.4454689025879
110,126.1,40.6140594482422
111,132.8,6.49586343765259
112,133.0,135.148895263672
113,134.9,18.8208847045898
114,146.8,15.495982170105
115,146.9,98.9012145996094
116,148.8,6.46763706207275
117,149.0,6.45231103897095
118,162.9,83.7178573608398
119,163.0,5.35869979858398
120,164.9,25.7404403686523
121,164.9,49.0216369628906
122,176.9,30.7057228088379
123,177.0,9.33797836303711
124,190.8,4.23404169082642
125,190.9,54.7414093017578
126,191.0,22.1111869812012
127,192.9,50.1756858825684
128,193.0,44.6216201782227
129,195.0,3.11723637580872
130,207.0,384.022766113281
131,208.0,77.6332397460938
132,209.0,53.4897308349609
133,209.1,4.59577751159668
134,252.9,65.6048583984375
135,253.0,55.2271041870117
136,280.8,2.90434169769287
137,281.0,37.7472381591797
138,281.1,3.82789731025696
4.605-4.945 min,,
#Point,X(Thompsons),Y(Counts)
0,30.0,76.811653137207
1,31.1,1850.83618164063
2,32.0,1552.5654296875
3,32.9,69.0966949462891
4,33.0,7.61192560195923
5,33.1,1.15457201004028
6,33.8,2.73645162582397
7,33.9,78.6534805297852
8,34.0,14.7746839523315
9,34.9,25.2916812896729
10,35.0,79.6344375610352
11,36.0,3.51321172714233
12,37.0,88.6792678833008
13,37.1,20.055736541748
14,38.0,180.228713989258
15,39.0,1594.63452148438
16,40.0,590.399047851563
17,41.1,4349.40625
18,42.1,1585.67651367188
19,43.1,2278.84350585938
20,44.0,3572.19580078125
21,45.0,1401.55554199219
22,46.0,299.02880859375
23,47.0,466.978302001953
24,48.0,299.11962890625
25,48.9,50.9331321716309
26,49.0,40.7829399108887
27,50.0,187.931365966797
28,51.0,224.445449829102
29,51.1,4.09189701080322
30,51.9,7.15452289581299
31,52.0,98.1210708618164
32,53.0,455.578826904297
33,54.1,1405.05700683594
34,55.1,3335.80737304688
35,56.1,1033.41491699219
36,57.0,1431.30883789063
37,58.0,223.034744262695
38,59.0,135.038543701172
39,59.1,1.90256810188293
40,59.9,30.8236408233643
41,60.0,6.5081353187561
42,61.0,348.107940673828
43,62.0,238.916702270508
44,63.0,1223.76342773438
45,63.9,72.6158599853516
46,64.0,13.0010948181152
47,65.0,251.772979736328
48,66.0,180.323440551758
49,66.0,85.1880874633789
50,67.1,3746.35961914063
51,68.1,1871.08972167969
52,69.1,1286.14196777344
53,70.1,1105.95263671875
54,71.0,573.044006347656
55,72.0,212.664535522461
56,73.0,410.542510986328
57,73.9,48.5913314819336
58,74.0,54.796630859375
59,74.0,17.40380859375
60,74.9,31.2360496520996
61,75.0,133.374252319336
62,75.9,4.89646482467651
63,76.0,51.5324935913086
64,76.1,13.1846752166748
65,77.0,420.516326904297
66,78.0,1293.37817382813
67,79.0,713.373718261719
68,80.0,336.861083984375
69,81.1,1503.41833496094
70,82.1,2215.79516601563
71,83.1,1245.31420898438
72,84.0,324.206359863281
73,85.0,486.873992919922
74,85.9,2.46900844573975
75,86.0,65.0457000732422
76,86.1,3.82318162918091
77,86.9,3.43172025680542
78,87.0,39.6490592956543
79,87.9,123.014495849609
80,88.0,16.6399555206299
81,88.8,11.5432682037354
82,88.9,118.287033081055
83,89.8,0.930031895637512
84,91.0,277.748596191406
85,91.9,16.0338916778564
86,92.0,15.9268598556519
87,92.9,2.07538604736328
88,93.0,186.023712158203
89,93.9,3.04672288894653
90,94.0,72.9964828491211
91,95.1,422.833435058594
92,96.0,65.102165222168
93,96.0,211.652282714844
94,97.0,189.908889770508
95,97.1,44.6205291748047
96,98.0,361.459930419922
97,99.0,30.8714466094971
98,99.1,55.7262878417969
99,101.0,22.892786026001
100,101.0,125.267974853516
101,101.9,8.86850452423096
102,102.0,16.0242118835449
103,102.9,16.6560001373291
104,102.9,167.404800415039
105,103.8,6.85215616226196
106,103.9,37.9989280700684
107,104.0,9.68726634979248
108,104.9,95.8209457397461
109,105.0,6.3993124961853
110,106.0,2.93270587921143
111,106.9,2.94518899917603
112,107.0,1.71054315567017
113,107.9,0.899717807769775
114,108.1,1.09687352180481
115,108.9,4.86459255218506
116,109.0,63.8677177429199
117,109.1,1.85115694999695
118,109.9,2.77336239814758
119,110.0,6.96229076385498
120,110.1,1.92041051387787
121,110.8,1.11472058296204
122,111.0,14.4403667449951
123,114.8,3.80360198020935
124,115.0,52.4485816955566
125,115.1,1.8644654750824
126,115.9,3.41546297073364
127,116.0,9.60396480560303
128,116.8,1.64131927490234
129,118.8,7.45677757263184
130,118.9,57.1637916564941
131,119.0,25.3887920379639
132,124.0,1.92190337181091
133,125.1,3.20216751098633
134,125.8,0.836142957210541
135,125.9,6.53707790374756
136,126.0,32.8723297119141
137,126.1,4.93887853622437
138,132.9,150.09553527832
139,133.9,0.794924139976501
140,134.8,0.973867535591125
141,134.9,28.7544803619385
142,135.0,15.0387344360352
143,142.0,4.34174394607544
144,146.7,1.00808298587799
145,146.8,9.74428367614746
146,146.9,96.2903671264648
147,148.9,2.70709896087646
148,149.0,9.50887966156006
149,154.1,0.842268884181976
150,162.8,25.8286819458008
151,162.9,54.6622848510742
152,164.8,9.15778541564941
153,164.9,43.1882934570313
154,176.9,34.0159492492676
155,177.0,24.6257343292236
156,178.9,1.0655620098114
157,179.0,1.84453105926514
158,190.9,51.115306854248
159,191.0,33.0774230957031
160,192.9,71.5379638671875
161,193.0,28.5807857513428
162,207.0,419.591644287109
163,207.9,35.2180442810059
164,208.0,56.7654418945313
165,208.9,35.3825759887695
166,209.0,28.332347869873
167,253.0,125.258949279785
168,267.0,0.834889113903046
169,281.0,34.3261795043945
170,281.1,18.3998432159424
